x1,x2,x3,x4,x5,x6,target
0,52,3.2880205681296237,141.013086491916,32108.71602781625,train,56005998882.23108
1,41,4.413111376374748,-199.96069790819416,-34869.85282178256,car,-159539223807.70645
1,37,1.3515063140175514,-55.3155039735652,-9922.800839399655,car,-3355271463.614697
0,31,0.07861741977821801,260.22329980036443,52042.441958674484,train,351695987377.0843
1,80,2.0381217425901474,166.88949753749188,35700.1503032043,car,92873462760.83199
1,57,1.4757302475594067,-544.3194699691028,-107722.63193883558,car,-3218574710465.6484
1,96,11.402008645579297,-62.477895618602645,1000.1330307512658,car,-4714830203.14007
1,58,8.76650258217917,-337.8393020744245,-58161.852345587795,car,-769499506620.2999
1,67,7.873337813269274,-325.80471294838947,-56267.66997198918,train,-690135861161.576
1,13,4.233719240467629,-197.3503745154069,-34764.65670473654,bus,-153396407031.522
1,23,1.688141548259211,-263.9891072097805,-51579.57515514959,train,-367161309606.30566
0,80,3.183815106764976,63.56837674074376,16788.572645587145,car,5232526089.780907
0,19,6.754466522670852,-109.74056871325163,-14180.590800120746,car,-26370145144.52353
1,104,0.4152706868058256,-269.5812458767929,-53431.23533886056,train,-390822418047.44745
0,70,6.459307231038855,-189.0341918136436,-30745.40882046495,car,-134731486883.50974
0,83,0.1682067983913783,-216.5814181564333,-43859.81203330807,train,-202641606371.10278
0,32,6.780441425819176,73.51976828940155,22650.445925375127,train,7947824324.835085
0,47,6.591962521508845,-351.28956594145023,-63427.37452141052,train,-865140507138.0631
0,63,0.20941672805111636,-221.73307458727464,-44494.92033697554,car,-217505170866.60422
1,33,3.946431256055951,-513.5239348254312,-98609.58466388227,car,-2702641346850.083
0,56,2.792261615369887,-938.2474539585197,-184950.67324680227,bus,-16483903265500.785
1,13,0.7444485431025362,-136.59535113990984,-26614.41879085097,car,-50861964027.470474
1,79,0.6424544544845754,-83.89095028512358,-16507.24917125775,bus,-11679711914.502396
0,25,5.935789752241769,-485.5412551016105,-90978.16264077582,bus,-2284471187420.2344
0,28,3.354474855990224,267.43865599690196,57922.058799431,car,381765377824.2133
1,46,16.297964195831348,-663.5914186496911,-114183.15150048357,train,-5831884534690.601
1,36,16.124978190834405,-288.5603706746385,-39200.893359155314,train,-479512441676.39685
1,25,19.661478714375807,-346.7959625064584,-46657.22046584421,train,-832388249356.9607
1,18,0.5050453329018555,83.19480358961437,17339.7702876669,bus,11497418829.012186
0,51,11.139042769778992,67.33969247507127,26409.072436589522,train,6137316597.617525
1,14,1.1218705514997176,-261.2631435757709,-51635.221316224284,car,-355909616846.57837
0,23,2.45152390967097,-205.4593700994566,-38562.3162694135,bus,-173087274450.6738
1,19,5.665473224040555,-521.9464369075282,-98331.82101759006,bus,-2837828447145.6396
0,19,0.9107199620368894,-795.1991170559818,-159026.01374577952,train,-10035445332966.324
1,51,3.3417159516189407,-386.97803733153813,-73733.0188944582,train,-1156517035846.0037
1,88,0.8222792531477773,-260.912757724005,-51358.12173277096,car,-354354696359.9225
0,98,0.44254700519113216,7.572670181930164,2046.3204441239184,bus,167559728.37709108
1,63,0.49572132239896455,0.5949621961028129,641.7132884519863,car,65667007.4498813
1,64,1.7704195291232798,-396.83170435198804,-77705.59076955699,car,-1247109902550.884
0,15,0.018662817310204794,-375.5756876438339,-76219.81841714372,car,-1057304608941.9755
0,89,2.212524881464106,-562.1382412667731,-109957.76790057588,car,-3545051742473.9272
1,42,4.364923653657675,-655.0044842947439,-126438.79226799155,bus,-5608410582050.43
0,22,2.05457292467819,-726.5675476562532,-143478.6057642005,car,-7654851576508.071
1,85,0.35880002746717965,187.6938488079474,38136.504889655385,train,132084710917.89897
1,18,0.25895997702853507,-427.41304543791335,-85336.1374692246,car,-1558299987092.799
1,66,1.3035661125289781,-409.5185754027966,-80807.15969268321,train,-1370588932013.235
1,78,0.7420073487248647,-613.1988400124815,-122354.32085483662,car,-4601545435705.002
1,56,13.420497705106268,-105.62741104202249,-5592.68533957836,car,-23468214545.029434
0,92,0.6558692055241734,-703.4744618894879,-140701.2943228251,bus,-6947770997048.793
1,75,6.548520042751546,-353.18507005349215,-63603.246195133404,bus,-879164781614.6779
0,89,3.5286002719833665,-523.8666402984189,-101441.15625254612,train,-2869139304418.5044
1,60,3.369252472721074,-203.2743755351845,-37343.56075904961,train,-167572526228.3631
1,89,2.8704211531699553,-427.70128439221827,-82755.02901978507,train,-1561329099090.2715
1,34,14.268499199351899,-595.158046030603,-102310.73739373237,train,-4207306910719.062
1,31,1.809250724398168,-307.0455570846637,-58777.0872130563,train,-577704488020.0334
0,102,6.203086728368363,-192.9170323673956,-31527.06457528593,bus,-143119549037.6431
1,26,3.241368523892069,-283.37069440420805,-53713.95042562559,car,-454112387797.67224
0,105,2.014299017388315,-224.38202556505465,-42533.82064282134,bus,-225279643639.12738
0,98,12.446003355994925,-458.58052342024087,-77506.85948504266,bus,-1924510131225.8372
1,19,3.648357971449651,-390.68529149678454,-74549.47943520651,car,-1190113123624.4182
1,61,0.5064135227898757,-468.11511194398776,-93588.99179919629,car,-2047171210672.317
0,53,2.1619735746222566,-389.8882903851353,-76353.74979364117,bus,-1182803913572.452
1,39,6.085373496598237,-503.2865705111135,-93949.22474574734,bus,-2544198376358.9717
0,43,4.733375188540877,-731.5706505829191,-141485.00607587578,car,-7814053175518.99
1,18,9.923993022239273,-255.6434644365618,-39679.53942552067,bus,-333431283346.5112
0,28,1.2010562950314323,-400.4452340520655,-79120.66480985942,car,-1281546097876.9832
0,76,5.678473416728837,-707.5495867415111,-135481.33683931103,bus,-7069260972615.794
0,50,2.463820274820632,-184.30443611855645,-34339.543898874785,train,-124902984498.45639
0,72,3.409601060527814,-526.8245910958105,-101864.97719671359,bus,-2918062520684.525
0,93,12.408522733331221,-287.0136510509653,-42895.406558795,car,-471720964667.18176
1,45,15.507843707604946,-117.72735945561578,-5650.897883580216,car,-32530764650.770004
1,75,7.910167793498646,-267.7542723106473,-45002.57182905369,car,-383012510044.9721
0,23,1.7795091858036478,-15.149828864174822,-1235.6626064240781,car,-60644340.06892841
0,25,8.746355436731173,-608.7064550884131,-112429.10405876457,train,-4501237877312.168
0,106,4.071181183350785,-199.41458970561274,-35421.15512294765,car,-158077340674.9857
1,77,2.248453079489993,-471.20252273507833,-91891.27158352005,train,-2087909442746.4775
1,42,0.1455883724940447,-517.6992872954704,-103849.85261966834,bus,-2769091867498.6875
0,103,5.880932747911957,-444.7124161911039,-82834.28711635579,train,-1755106913292.4795
1,35,2.789468935683372,-377.88813303184315,-73073.91165066893,car,-1076938314936.7861
0,32,6.170641962993447,-285.95866444256365,-50196.24292748358,car,-466662877686.5759
0,18,5.513666676592399,-591.2874601958391,-112491.23712215248,bus,-4125766853304.333
1,49,6.311124629321489,-74.79337826145323,-7847.574921291904,bus,-8310511897.847289
0,96,1.4304224143110698,-183.58439006738504,-35254.36891634385,train,-123333179806.25533
1,18,6.453755604253407,-684.060921569306,-130165.19075503915,train,-6388416451673.748
1,105,3.1837890496328245,72.0630484488999,17847.376452932356,car,7651135912.279128
1,89,2.5646955930798083,173.97229400764581,37433.482924685304,train,105218171614.04596
1,39,4.497270395449899,-5.305107210087328,3695.934279550451,bus,22183750.591214456
1,96,0.08636032174507492,-344.98120895308773,-69712.23101848473,car,-819246775523.7539
1,25,0.43175229834258844,-567.6881553776357,-113517.32062554054,car,-3651215857931.5166
0,20,1.3822469297842859,-36.38706826721585,-5939.3700404646925,train,-954881818.519951
1,65,16.29584134760377,-400.7942367432949,-61469.40304163184,car,-1284842863040.439
1,93,0.6021093097857508,5.611267595606876,1465.4531945669155,bus,146615939.49568802
0,42,1.6054718560657242,-247.93125548078493,-48654.73487245667,bus,-304131503514.4498
0,13,0.2096095934617471,-55.840240879071814,-11495.209682231172,bus,-3472174497.093838
1,100,1.6094928535355186,-210.90840070639953,-40040.04574745591,bus,-187071214401.95743
0,92,1.5445697162915661,-123.35670795201295,-23243.61599306817,train,-37322539569.37932
0,87,11.735326735640353,-297.3749948197949,-45684.30775781704,train,-524709527435.2151
1,16,7.461299064669676,146.4676234764588,38017.90927285352,train,62713851006.431786
1,74,1.9300167498499403,-268.271976824095,-51729.08980676684,train,-385241486122.6761
0,80,0.10032388993017187,-199.50265913882458,-40024.6275518759,bus,-158367126875.03918
1,29,7.11216274996108,170.78767426406358,42156.484541059595,car,99435070600.48953
0,86,4.32155159093439,-636.9397652856117,-122968.89405604228,car,-5156963130371.194
0,97,0.6612182048559667,-617.6212496214334,-122982.9140116746,car,-4701771849880.89
1,69,22.157757270685483,-57.65082296049721,14459.82378083674,train,-3745296169.6203127
0,75,0.42247969686803866,-593.28085127854,-119052.14614904633,car,-4167547290461.197
0,69,8.073070947236062,185.90529641232314,46591.77529301961,car,128307264252.17426
0,61,1.3940684623558208,-403.4047451899368,-79518.01337376611,car,-1310122307289.172
1,30,2.2862213908917104,-486.86370286018945,-95117.9792991959,car,-2303183952802.952
1,70,6.347898972363754,180.7355066200962,43974.343984695806,bus,117906670809.18895
0,22,4.526712212563711,70.12869785860607,19351.07101982773,car,6891303702.4922695
1,75,11.113743096336682,166.88974010664248,46500.630360354335,car,92861054641.5077
0,92,3.882357577336886,-73.48883543115369,-10009.697776601071,bus,-7780848499.46609
0,91,0.41172126828708555,-515.3064212636757,-103020.04765926287,car,-2730763661075.3267
0,46,8.629106011933713,177.5162382747584,45205.495821723234,train,111675952000.32329
0,17,5.86404425422455,-367.0008427378451,-66145.03596006522,train,-986525506421.4426
0,29,4.977380306797122,-99.3859010509012,-13734.206529536288,bus,-19578303080.276558
1,84,0.22092434869160077,-63.187008056563,-12780.204947693808,bus,-4918186150.4635105
0,75,2.018199726467547,-338.7525232727086,-65759.45715368957,car,-775719590746.9097
1,36,0.732979865427251,-146.48015741347993,-28418.01427710636,car,-62704276308.79382
0,104,6.901728135784931,-69.4483321083683,-6021.12921611538,train,-6505956570.3221
1,20,4.822945738670436,-205.89361721109265,-35619.25939828571,bus,-174189268522.95496
1,35,8.584979156660857,-574.8501976460486,-105037.90291815043,train,-3791150052277.352
1,43,13.593817419708452,-225.440456448486,-29560.56257456883,train,-228637099187.69104
1,93,5.962135162918306,31.596474171757563,12997.145939698896,car,772631990.4926634
1,40,20.622470779859505,-473.64196493284135,-70337.44410613454,car,-2120578432150.6135
0,60,3.8156576996734333,-337.4086350819177,-63306.97991856076,car,-766556336086.2767
1,24,0.15134583888558603,-408.7883879304094,-81885.93766207117,car,-1363332718647.6855
1,100,0.057416173115548974,162.31593211983545,32293.122504955536,bus,85513313289.3462
1,91,1.674832900680677,-131.92631074689115,-24869.096682316882,car,-45688104366.95223
1,43,6.937096734130305,-198.1345409397224,-32374.605265724684,bus,-155204473946.9271
0,103,8.043685022940672,-492.47901861132914,-89856.19736411124,bus,-2383638881858.5127
1,47,12.957592784384797,-165.18770217704568,-17900.722320026645,bus,-89921990816.29393
1,67,0.2693546840771872,-468.583165164344,-93776.0334523708,train,-2053305533200.8691
0,94,0.18237976349477208,-292.0423604314122,-58539.99684331268,bus,-496957288981.1906
0,48,9.780448852691261,-458.96151959472024,-80728.27608088833,car,-1929432035676.1777
1,84,1.4556425102553219,-130.89167626337507,-24919.108932144954,bus,-44638652942.45261
0,72,3.265667567610558,-155.85229584626475,-27604.45777351694,bus,-75466739828.1175
0,50,16.16963921862606,-352.0746888944987,-51544.78892618323,car,-870949608708.2539
0,81,2.046293844879728,-200.9983218345887,-37758.86982435534,car,-161955449522.28513
0,66,4.384917300447644,-573.2653771826265,-110058.1855289665,bus,-3759828674848.0303
1,26,2.049170554772088,-672.8143981764014,-133347.29209261702,train,-6078469916810.185
1,32,5.84742932197264,-190.15207468386578,-31854.08576788729,train,-137201486173.64706
0,21,3.000688323987683,-258.33162615686774,-48084.83424491637,bus,-344058875790.41754
0,94,1.0847324634444677,-141.2421407769734,-27721.531729719754,bus,-56088222008.08177
1,82,1.2660061085589043,295.7861937159855,60810.181127508724,train,516578670629.3185
0,14,1.193943361054987,-63.88012825239653,-11782.87212101929,car,-5199193563.103263
1,42,3.039886718026206,-528.2055563610396,-102727.15344043529,car,-2941127330501.3926
1,18,4.858639041360864,-20.74592797603674,1313.5874911107403,bus,-172843567.1859134
1,93,11.925731992387478,-628.9768526278804,-111855.8556551246,train,-4965931395705.634
1,53,4.73782302916312,-415.3961512036773,-78055.96848357459,bus,-1430482459246.7568
0,35,6.078258012519879,-317.06040133115783,-56661.79987412499,train,-636094169261.668
0,43,0.7401463126746827,128.33568041234167,25857.271626347498,train,42214953158.18014
0,32,1.87401981133669,-486.18870551211,-95576.21791302925,bus,-2293615574370.8745
1,17,2.136242033131712,-506.60963466475357,-99259.05635338633,car,-2594948689339.9204
0,33,4.638295801610499,-324.6131311063581,-59820.76521839207,car,-682646750187.3239
1,87,1.4032939677949081,-465.86957159052685,-91692.19950986396,bus,-2017787023205.9998
1,80,1.4455551260790926,-18.34101947337325,-2240.5150089832973,bus,-17247304.134107385
1,99,1.7595377902635068,-569.9828770908558,-112502.35634003596,train,-3695520473960.8745
0,73,6.649289499670262,-586.8671631027755,-109603.20374296754,bus,-4033844747160.062
1,106,3.4471163431746974,-409.4550111861085,-78834.93670161569,train,-1369836959481.2886
0,54,0.31304539355459904,-424.5081126730762,-85276.3428110412,bus,-1526699274098.9873
0,53,0.3259080418353871,182.38301345424645,37128.02971157163,bus,121123681977.45595
1,73,1.8563212703868421,-62.64479826855981,-10365.109389655427,bus,-4818254682.079555
0,94,5.819852865100214,-278.1121896537023,-48933.4178601731,bus,-429162143508.3416
1,64,4.667779852972215,-606.358879707542,-116146.98953103086,train,-4449301661281.05
1,53,4.92376419705149,-88.90925589961321,-12145.064451787794,train,-13980057565.336945
0,72,5.8304752124947195,-550.0538368473912,-103202.6095670107,car,-3321342181393.0635
0,42,1.3539522603188296,-686.1927741944029,-136287.85946032582,train,-6448306858723.51
1,50,3.17856102159883,-2.992551911924579,2977.027910953373,car,40825503.09138181
0,101,3.13537531115095,-220.7643470187876,-40806.7821613699,bus,-214562888572.47412
1,29,5.38264475582584,-69.78529405479526,-7798.0077031083965,train,-6768759859.550721
0,52,12.574198654128969,-220.3180867642447,-29800.3116879062,car,-213387341951.71487
1,42,1.3028648532408114,-85.7923470243272,-15726.478953177933,train,-12573261639.73365
0,78,6.3055926012725,-462.7563983250367,-85660.41993753464,bus,-1977627232189.2002
1,36,4.314892172531973,-558.5607104461162,-106669.39015734763,bus,-3477905001443.934
0,85,3.47226834938156,-129.60137042959326,-22179.1382668153,bus,-43325290287.957886
1,13,5.964482821844298,-500.85241604346027,-93543.9768614131,train,-2507483450537.6826
0,100,11.531934056064266,-472.38744443755013,-81204.38265158083,car,-2103633722010.2004
0,50,0.14952592065558087,-413.8831258793358,-83392.97120954042,bus,-1414912903717.2314
0,76,0.6378595795481704,-295.6302102437358,-58569.999617217334,train,-515555219164.61316
1,39,5.64705970156316,-388.498477813371,-70913.41371298955,car,-1170220943923.0413
0,102,0.35004463832094945,-643.7378233545047,-129094.04211611136,train,-5323806731703.62
1,102,2.9037039399009252,-460.90460070822263,-89423.9661169339,bus,-1953908010174.2837
0,19,0.9931315349643608,-855.8507880561067,-170999.33497495053,train,-12511321890845.936
1,101,1.2824506107892513,-143.69213724320312,-28200.50447379938,train,-59043030008.90825
0,92,4.840506574246514,-700.5144139016869,-135151.3049103143,car,-6860434209584.398
0,54,0.12263185025503769,-576.0958348571127,-115708.45074050732,car,-3815820663557.549
0,30,8.264346164933418,-286.9587301847564,-47658.35483175576,bus,-471578341600.02075
0,93,2.3513951458628375,-484.89074909782835,-94508.33687347684,car,-2275168799960.4736
0,56,2.791781043092731,85.75364885168398,20119.91833035475,train,12637282140.446999
1,82,3.106532255338825,-623.2142274308621,-121748.74983859742,bus,-4830713911982.409
0,32,4.148687561061157,-233.23728266270427,-41793.724078903855,train,-253206066836.7842
0,35,1.6916044623692787,-309.8207045568739,-60516.40599692835,bus,-593506833309.3289
1,24,0.4263672738825814,-592.0233744352993,-118777.54412372771,bus,-4141186623190.905
0,24,1.5331256046640611,-169.18083486706158,-31992.646274229464,car,-96631766005.4083
0,46,0.7363746707309391,-342.88658280556206,-67921.9866131991,bus,-804529211135.3121
0,20,3.24892286104924,-107.05236219658318,-17892.16568527954,car,-24478264872.68448
1,39,1.5310704116009153,-94.12396150906713,-17549.56009522192,bus,-16617002082.877548
0,61,12.686745669041422,240.8089873201725,62616.81751558403,train,278755370308.1904
0,84,13.494439130108365,34.13198735909799,22915.885734796724,car,910319479.41084
1,67,3.8716613831809124,-392.2954594856109,-74678.07183816737,bus,-1204820410193.6362
0,95,3.8440779295502376,-359.8447943939816,-68530.29719613143,bus,-929790652279.4257
1,100,16.901066586622523,-25.085101028221686,15428.763048672765,train,-149587800.17888725
0,34,8.731505472367248,-136.18406731935056,-16963.92836152734,bus,-50387559053.32912
0,15,5.7938698605536025,-139.96711847560198,-21804.66042035284,bus,-54721466422.96119
1,21,1.5051242134835654,-704.2390110777086,-140223.99501091722,train,-6970581718075.636
1,23,1.8199180150235357,-306.0815310997339,-59286.83310025669,train,-572287119480.2983
0,18,0.8989130540345568,-484.50772730142216,-96746.64408123166,car,-2269918880732.8447
0,51,2.671072887737098,-230.01885023919044,-42867.300125480644,bus,-242841314577.85184
0,51,18.570874402913685,-324.53759741073947,-42969.048170225906,car,-682145301974.2484
1,78,9.728541250304856,-72.455272976852,-3011.7878588479825,train,-7490698397.37236
1,72,0.5038379406895357,-220.69544620217448,-43874.29726817289,car,-214444888649.1142
0,49,0.10205198214089523,-103.41800947275595,-20885.244928849937,train,-22035127900.222847
0,18,9.156214960633235,-416.6047741839858,-72662.31878363973,train,-1443046596375.6885
0,18,3.0815829575781364,-536.1115639795626,-104352.36717276751,train,-3075204551372.75
0,51,0.8935237589967402,-402.5124233006371,-79996.57095465403,bus,-1301465763909.0605
0,48,4.479179490382424,-304.25510346536015,-55766.20642091657,train,-562073879083.2739
1,101,4.133806596056071,-205.21206611122955,-36361.541249299684,train,-172302963110.4192
0,62,0.5208247687692265,264.82723767271307,53092.485812908264,bus,370741918051.34033
1,92,1.2022600545987978,-310.56428791516066,-61354.639319602626,train,-597670809197.897
0,97,0.24783339166658988,-538.9862501231943,-108109.75319139767,train,-3124788767733.6816
0,22,0.9421829350458989,-386.4954439248466,-76877.35101383083,train,-1152230480609.8042
0,17,0.5676631452545479,-415.89899366152355,-82548.57006129564,bus,-1435725461698.9844
1,62,0.8588978285981926,-179.62963155663445,-35454.697999180935,car,-115612387398.71584
1,37,4.626666975169943,-685.1992536111562,-132329.30490890855,bus,-6420344801462.304
1,15,0.20306739198568965,-284.1845014499171,-56863.92822490791,car,-458043661863.85425
0,96,0.429693301587121,-260.8733655086561,-52050.06714366567,bus,-354169810436.7304
0,16,0.576283585551054,-241.95474094993105,-48225.316380927754,car,-282686547286.81494
1,90,1.5223551478644852,-449.3290172413407,-88900.32892002516,bus,-1810383121861.917
1,24,1.4195650617118178,-359.4804324340017,-70661.69329172854,train,-927108456409.0338
1,26,1.1778267285707231,-656.0152272456329,-130236.6927577586,car,-5634431965452.655
1,94,5.553773128509154,-423.3299708405485,-78459.96243502594,train,-1513924986763.9375
0,39,24.904269540069844,-435.7153690041795,-58116.52485036544,bus,-1650863836321.3066
0,83,3.0540890871659165,-195.98748843464364,-35440.41353496237,train,-150129039867.81476
0,60,11.544120475665256,-589.0456079554782,-105130.16332785726,car,-4078962055531.0586
1,34,2.020766843903071,-104.70047457250166,-19392.491688715785,car,-22887184536.754555
1,33,0.45125263453102465,73.62113612284219,15304.98608608999,car,7981753866.449852
0,55,2.1022265741250767,-817.4962562533831,-161789.83357527573,train,-10903465771246.836
1,70,1.4046337424969426,-193.43531730547477,-37619.288556720305,train,-144368605931.5993
0,30,2.7201891387101282,-130.77299124243862,-23635.227194562987,car,-44618862837.620705
0,102,4.280608711492471,-459.35925638805725,-86645.48858851318,car,-1934318621928.0635
1,98,2.4725315335321665,-399.3179535821994,-77450.93757209701,bus,-1270607589788.7031
0,68,10.94336191882556,-333.2201443967389,-53890.258456921154,bus,-738342706214.6925
1,81,8.643120861397115,-374.44771985043207,-64992.26437979096,train,-1047702109733.3372
1,24,4.8423464451874345,-377.25324226178054,-70079.86228312827,bus,-1071529959389.3658
1,32,2.6909077005689848,-719.0009515824942,-141217.57685638464,train,-7418167653266.832
1,24,0.5648134191908801,-11.917108804219993,-1797.287833131914,car,-24248083.80087683
0,38,2.0234429886052925,-30.09535199079471,-4040.131787935647,car,-520122484.75115156
0,58,4.875013190554988,-503.3410648010507,-95572.64233870004,bus,-2544994416314.916
0,19,1.3412505519635323,-666.6060819506285,-133031.65924450802,train,-5911757580609.079
1,102,0.4392062391303518,-169.73378088681037,-34092.75633791902,bus,-97419848323.27208
1,101,9.539454351506514,-443.9469924532665,-77879.7290833699,bus,-1746065856566.5327
1,51,4.9384265249314305,-264.5117091698051,-47147.371785377516,bus,-369311937637.70294
0,64,3.820920775334057,-379.8321042862738,-71772.02307965892,train,-1093597069884.2017
1,29,6.290474660605586,-127.11531223245336,-18380.85010580037,train,-40978438915.81813
1,36,7.2229314781585465,-126.31271408599852,-17388.001755515685,bus,-40199329105.92266
1,103,2.6424024383471347,-481.3993446158961,-94621.91099150451,bus,-2226339985468.755
1,16,8.520859932333341,-645.8409888487638,-119348.01760568439,train,-5376327445191.938
0,103,9.927756741927496,-695.7345993337705,-128215.37550977213,train,-6720919658628.596
0,59,1.267351174632407,-147.4051552231987,-28514.320934872198,bus,-63863954935.41378
1,42,3.741337259135805,-597.2148144460073,-115641.76188370607,car,-4251067253831.7695
1,15,2.9911233811778724,-426.7040885746719,-82799.0474655945,car,-1550560122374.9417
0,18,3.0882921345744405,-449.07850961262704,-86844.31264612358,bus,-1807485284964.583
0,84,11.100806545446476,-313.14182406738655,-49207.97490819392,train,-612702614266.8142
0,28,1.4564599398014164,-784.0699514616267,-155769.06738867398,car,-9619956008123.41
1,91,16.40160625178312,-252.80535080154286,-31255.58122515031,bus,-322317187275.5918
1,48,9.29651049619384,-169.0272440414486,-23571.922426376914,bus,-96340206317.3598
0,65,2.45529564239377,-277.89447823883467,-52439.91611149245,train,-428231007402.50085
1,20,6.802996195926016,-377.72154292461795,-68399.3686325696,car,-1075528276800.5294
1,64,5.862164111088451,-275.64995843280417,-48001.2169521073,bus,-417938735054.69806
1,64,4.531510421257386,-200.23841358996745,-35719.798201277685,bus,-160165038218.85855
1,42,1.5416729212986917,-993.1481891066626,-197348.63804025966,train,-19550179863741.7
1,68,0.8748684091472416,188.97807706267355,39170.15121347163,car,134769031167.43329
0,24,4.453211029781428,-202.47666932801837,-35861.178722280514,bus,-165656778420.9257
0,80,7.4053576059184785,-463.102145596755,-84237.93041028247,bus,-1982058279175.7698
0,90,0.06554525598587173,-397.73834379690027,-79888.3070060689,train,-1255611471664.6736
1,68,4.117875517505504,-176.5645556627029,-31059.715637060992,bus,-109778495133.24106
0,101,2.3398484082327395,-329.0259847585916,-63990.14208422067,train,-710717023209.574
1,81,9.134572721554786,-807.6711169453736,-151859.6441719738,car,-10514979121409.254
0,99,1.5513236197229452,216.1232153398298,45094.6270141769,bus,201633592853.3982
1,70,2.57122192838838,-327.63516430811814,-63008.72303318314,bus,-701827855279.4249
1,106,2.8925052217486296,-44.956822071050084,-6038.817012124737,car,-1627520935.6502514
0,24,0.6053363669510193,-473.0124619460978,-94217.54306149016,train,-2112151321798.988
0,91,4.991591526766888,84.09426356144945,22714.483095038184,train,12005845398.773903
0,95,7.099051220361118,-228.41407777693013,-37870.34437908549,bus,-237686826981.5289
1,102,0.23861480006346414,-147.7890413811373,-30060.188084141602,car,-64250132523.09371
0,16,1.3777932393732004,-561.3133415367387,-111150.65113857957,bus,-3529594499745.495
0,50,0.15514910358896777,2.7863224206752193,266.72233338070384,car,41794958.35350861
1,20,12.54403502444729,-127.54545886630291,-10825.961861882046,bus,-41403286146.54963
1,42,4.400479546538074,25.461557391249585,10570.120064565574,bus,358613392.90602714
1,91,13.319276409032526,-457.02188991039475,-75896.09388847103,train,-1904973823500.9236
1,24,3.0328278585529214,-420.25677961519693,-81285.89235665162,car,-1481325950475.675
0,86,6.479337553872323,275.9791744209855,62902.92730013013,car,419628357273.0275
1,24,1.8762657709992288,-565.0039556803868,-111752.66103606459,car,-3599668896073.098
0,29,1.7467027163745719,-333.9874251695802,-64745.79139779738,train,-743517943886.9047
0,73,1.900983412362482,-15.777159349326155,-1371.4373896291718,bus,9785390.868731666
0,76,4.2901660215627375,-275.5687580712861,-50405.238373920525,train,-417541649344.6927
0,72,1.7817320637426008,-154.2615800616766,-29037.73330557672,train,-73176875571.18266
1,14,9.225065506615762,-399.8622573157188,-69444.01368372007,car,-1275966806338.3445
1,31,16.363370417001352,-207.4860280381203,-22927.439559554598,bus,-178253090875.8075
1,66,0.1235960428678766,-626.6317129338291,-126378.27509419568,train,-4910661261277.988
0,41,0.8608170561186586,114.53266990454699,23567.550086615556,bus,30012351797.52479
1,77,0.47626039523620306,-329.54101128214245,-65779.2390086546,bus,-714131189165.8538
0,98,0.1731503225389119,-470.04455099921256,-94484.36779805334,train,-2072492720677.7112
0,101,1.0337411375188033,-133.40422949202141,-26143.02724864833,train,-47213740459.47892
1,86,2.368094418931049,-415.17994684713835,-81215.99981335826,train,-1428174045787.0437
1,21,7.255783885055363,-633.5646178506884,-118885.80287387205,bus,-5075529580175.687
1,95,1.0032103940609944,-636.6793764493889,-127034.85579162568,bus,-5150613926507.488
1,24,2.7244417006236925,-126.55671182746687,-22282.262940230994,bus,-40444779826.85227
1,105,10.615312946299833,-339.8933595365667,-55891.12346374683,car,-783494917647.9417
1,64,4.401031048309069,-333.4253899171098,-61760.921237309514,bus,-739716764195.153
0,94,6.399515380101482,-30.564048505934295,1048.7768405202578,car,-423640798.73053384
0,68,3.2028758475962738,-581.7064521891859,-113296.0313652323,train,-3928370365213.997
1,28,15.742488926262753,-482.66943821620623,-78400.43548754175,train,-2244171962823.5933
1,16,3.5533615763009547,-396.2199522953189,-75812.1866392953,bus,-1241414407948.2754
1,101,0.18631544226050892,-276.4121026707315,-55369.0363522004,train,-421314571120.42535
1,98,0.8825008995459436,-310.54286282264474,-61831.54963406448,bus,-597528232386.9667
1,41,2.0752539610286305,-371.7217980974769,-72587.96869910085,bus,-1025065333840.5365
1,71,3.677955086362651,-315.40660052391183,-59222.635980778046,car,-626128871523.1555
1,98,5.912425931475627,-326.8263190727937,-59214.33797669684,bus,-696564369131.0071
1,91,2.1315087682876674,-479.9010971379482,-94170.81070960022,bus,-2205654549018.819
1,78,4.952301711973889,-503.24824713851933,-95591.91507709224,car,-2543541730599.687
1,89,6.240106109984724,-231.3709105690151,-39380.166499024446,bus,-247061577819.87015
0,24,1.5265658171783032,-522.728770748882,-103409.75592238235,train,-2850604726998.103
0,38,15.504739727013481,-589.3388147977134,-100234.95108551464,car,-4085091950356.0967
0,24,4.195364654459377,-378.07306278142335,-71224.65300199733,train,-1078530944113.094
0,103,8.514461960354083,-339.41675404095395,-57807.495225029765,car,-780209761089.7708
1,47,3.247161543502264,264.1808743245523,56598.349695340316,bus,368007348931.5715
1,14,5.413034126917129,-476.1750689640584,-89027.47321496178,bus,-2154807839223.2336
1,29,5.8881770301107785,-64.18481875762632,-6019.526233390967,bus,-5263321944.279118
0,14,9.554680508741079,-113.20291644884205,-11324.515724652958,bus,-28948990658.6861
1,29,0.6517219714022177,-597.236238800934,-119635.66099492178,train,-4251540047549.8013
1,46,3.2683473349328356,-106.68675564935009,-17768.67014603108,train,-24199864218.82866
1,46,2.2371129713817015,-595.9701600483295,-117196.30074163759,car,-4224537675159.7085
1,57,10.26406881065584,-964.7930594991852,-181819.1177232008,bus,-17922989475243.34
1,53,0.4441494797401892,-148.42011891015483,-29822.410788937486,bus,-65204594964.050575
1,85,16.199142188360785,-738.9726458594298,-129648.09431738517,bus,-8053559701133.691
1,90,8.33223467339397,-187.26638454852127,-27431.226468124005,car,-130931592545.07237
0,96,0.3067738441130684,-471.0027244343041,-94776.15516298896,bus,-2085200131495.548
0,45,2.700964897666562,114.887699047468,26406.902604452833,bus,30297745036.76113
0,36,5.057149483202103,-32.87265017099776,-985.8129389001051,bus,-687503382.830702
0,81,5.359957444951229,-413.3464509628469,-77106.50434283634,train,-1409348612628.817
1,44,9.478924051925327,-471.95940275717055,-83465.05841417483,bus,-2098053403801.9214
1,35,6.435061266355844,-603.5193507735302,-113912.07335728654,bus,-4387133327509.0166
0,77,1.489651874319162,-410.2306580731479,-80680.05568253956,train,-1377725396655.9453
1,44,2.7600865674950485,-370.08887379612725,-71379.65628738969,car,-1011611078510.8665
0,92,4.8397725378025855,-391.17338609792137,-72862.52276480393,bus,-1194445194318.802
0,96,0.5960276531913479,-260.82403618190904,-52244.875102296784,train,-353968848204.9686
1,28,0.8626404766848168,-155.3696255677804,-30200.01808599564,train,-74839751245.48907
0,64,2.6237327497069662,-212.5863857517065,-39677.00968355216,train,-191673499602.5667
1,25,1.4166883075040164,-491.03598097661074,-97448.50988746063,bus,-2362910590306.604
0,58,7.938249449054105,-659.4478684503946,-122313.81867748704,car,-5723298845555.088
1,23,3.5302375534315495,41.132962025617815,12348.504321160586,car,1397678722.5527413
0,93,1.7149259190233856,-472.3622961374844,-92343.4610381217,bus,-2103320091979.2866
0,83,7.557481049616561,-463.07339998375477,-83682.98223530286,train,-1981681102639.1008
0,34,6.53653029546818,-430.29732807527773,-78886.93851118739,train,-1590047012816.757
0,80,25.639760743461256,-760.7673875391622,-122357.96200576141,car,-8787385273001.398
1,93,7.517321669185861,-419.4935010101217,-75608.47639016923,car,-1473135747229.0034
1,77,2.1408594506873935,-419.9139535019869,-82588.72713572613,car,-1477615132324.7974
1,14,0.5455653730695778,-144.91042541412187,-28956.78144722263,bus,-60727437245.65655
0,63,7.346380736845088,-125.385712723166,-16583.74807456242,bus,-39276061948.994064
1,95,0.24647161115844063,-299.05727772843267,-59561.29166156955,car,-533643069266.38104
0,95,1.724800980924612,-67.0379064714241,-11936.635671237438,bus,-5863403495.240921
1,70,10.08983502346476,-215.0087540496845,-31081.172362300822,bus,-198289696642.8238
0,35,12.952894513849724,-303.9205279006387,-46154.64077497721,bus,-560239378388.5375
0,28,4.09288317585011,-259.76795792544425,-47717.81325752157,bus,-349824219852.97614
0,28,4.667328768535062,-347.6633733953498,-64629.02869999188,train,-838647279868.4353
0,41,0.17352811079903396,-398.7123785083626,-80008.9047497536,car,-1264965991306.0256
1,84,2.8901419999159224,-366.9333842234916,-70344.30701438342,car,-985869651374.4664
1,40,3.166288799270956,-582.0028328675016,-113020.14554609802,train,-3934428106224.2847
1,101,1.662672405023161,-229.889573670926,-44214.9722527682,car,-242306286057.6834
0,70,0.2842522002600819,-548.2809027323951,-109934.48700213256,bus,-3289333400698.4775
1,71,1.039788271536678,-89.59218398159089,-16923.19343506554,car,-14268840916.662539
0,101,1.772567820559025,-362.36464504023724,-70416.28492724152,bus,-949444326468.1477
0,89,2.284723531945817,-287.6262545874773,-55455.29379779722,car,-474760907704.5223
1,26,3.5754439352442384,-176.5408059297609,-31211.33729573222,car,-109799488709.70201
1,31,5.126173994305661,-139.17138373426803,-22654.502937318248,bus,-53781224864.93414
1,91,1.5287439660271793,-692.6558521583631,-137364.79676457625,train,-6632126368913.267
0,91,1.5956689287700632,-351.72591904099295,-69138.34584741668,car,-868268087017.6329
1,33,0.07955242611041166,-79.95527197980445,-16262.073906344554,bus,-10183165109.179422
1,84,0.16693489046387144,-724.5264548580636,-145199.6582050739,train,-7590411207964.152
0,68,1.1926630420671405,-203.17988115123416,-39607.0647214048,bus,-167321915868.22937
1,57,5.3920655638360175,-863.8910573505474,-166948.1992797549,car,-12867209184883.729
0,104,3.958821643209904,-555.6267109089009,-106616.20520410853,car,-3423228481334.654
1,57,5.875036356488178,-290.342362039953,-51411.85214186179,bus,-488419123466.81195
1,28,5.859955473154072,-714.1787755804885,-136250.4861829754,train,-7269914175439.476
0,100,7.767562049262405,-546.3776844210377,-100749.90404302481,train,-3255112687276.877
0,88,5.096426248174379,-667.9587518658967,-128257.48003128974,car,-5947696775731.7295
1,90,15.45501171560393,112.0337330518899,40557.17127193276,train,28198405004.231342
1,42,9.163623023088096,-258.9430611281665,-40960.145206216,car,-346485842913.7085
0,95,3.5344923714473455,-158.17743053683265,-27687.22113092175,car,-78835358762.11597
1,17,3.548458792984369,-355.66877512878864,-67593.79607262538,train,-897933437766.8513
1,41,0.13947168909609783,-388.3579371892998,-78039.23554321524,bus,-1168948734649.6453
1,78,26.080669977753292,-704.1185471627582,-110006.84761351264,train,-6966911882710.577
1,62,0.5643008051734146,-372.9593406869657,-74499.31756884587,train,-1035301943987.9022
1,62,5.393639648119448,-490.3730529529058,-92552.23456369445,bus,-2353299997734.093
1,100,6.881817462829093,-85.51901892691592,-9175.73432043689,bus,-12316936043.454117
0,70,1.8675828428801768,-14.724533335606623,-1642.0067525983056,car,17352193.11460908
0,93,0.8768653649605344,66.64467889354438,14355.84051537945,car,6050616581.3608675
1,54,0.41593424211903035,-86.862015134692,-17376.564774904076,bus,-13031492863.685213
0,103,5.522935490593016,-449.6634842307465,-84077.35595883393,bus,-1814387700198.1895
1,79,2.4106931010267196,-578.9742464900986,-113345.99724677317,car,-3873248863425.861
0,60,5.003108392583147,-108.33420458872848,-16475.253524150892,bus,-25315443689.560596
0,30,9.87964571366874,-210.92679563192777,-30182.587792518687,car,-187270760550.90332
1,33,0.6340314028029455,-742.1346126692576,-148646.39941215236,train,-8157486111902.562
1,51,10.06167790364723,-211.12955181405772,-30773.89717831491,bus,-187783230703.81485
1,77,2.1215730393564525,-96.37004437803341,-16788.972695995144,train,-17764128861.879242
1,19,1.4569107765544582,-285.2686027045925,-55595.80292221708,train,-463303478361.7174
1,35,11.46318759763716,-346.2634177523354,-55287.45444028228,car,-828549482781.4264
0,92,18.690239917965517,-501.9121219040889,-78682.54055840937,train,-2523295959333.0967
1,87,0.887039125499627,-661.633674890847,-132074.2300704718,car,-5780330036288.15
1,47,4.278214604616248,-99.92551266499311,-15693.039079833836,car,-19876532147.781544
1,53,0.4504147983850078,-377.2786111929272,-75594.02183234139,train,-1071709211404.7653
0,51,4.209747919391661,-358.36666538592317,-67408.39820650835,bus,-918484244284.3619
0,34,7.025103562867742,133.18029672978332,34708.38811894376,car,47163422592.392654
1,47,4.614367960458825,-128.8747232852024,-21182.219963404856,car,-42681606404.16032
1,45,2.1605587326678544,-207.2937496797245,-38805.52858277493,bus,-177740340935.65732
0,55,1.9319752513123536,-264.4845487031911,-51516.0015471143,train,-369191156652.21027
1,57,1.9977127231499991,79.99871519144318,17269.317772218827,car,10271572371.737244
1,54,3.563581932984878,129.89732685404863,29665.40427173651,bus,43791376868.98266
1,40,8.533640638139538,-67.62372213011798,-3831.0102559616043,train,-6145252211.056895
0,61,10.58403051538875,-154.44385215051892,-18965.231161988577,bus,-73461079405.86914
0,23,0.22006241313368777,-823.6507678015362,-165012.03091614108,bus,-11151626686861.93
0,81,0.8017257146227558,-269.06952144162335,-53394.40756308448,bus,-388670412506.9624
1,30,0.4761447032618386,-332.526738548426,-66470.15406108722,bus,-733804121137.6776
0,16,0.8593854771450348,-276.51169265360784,-54585.92471020307,train,-421934838017.40607
0,100,1.702310934723512,-64.23847816937055,-11072.163869385571,train,-5125037940.399643
0,42,2.825186488050833,-984.9192917973891,-194289.75038222873,car,-19068235555956.01
0,43,3.971188757095357,-442.3280133675463,-84666.51604259346,bus,-1727169193866.7847
0,88,5.269196431029312,-232.52391126480967,-40826.27759732051,bus,-250778489482.06738
0,79,8.833157760986197,-416.71138651319063,-73138.17512298367,car,-1444056849866.168
1,106,18.071728989585207,-654.2265282815649,-110717.54635158277,bus,-5588293984228.516
1,73,4.3489862385532465,-82.75912827580115,-12130.402159788495,train,-11224298356.62265
1,20,7.466738660285392,-230.782023538468,-37513.21392431996,train,-245303336628.24335
0,64,6.021011594276049,-542.7761426111211,-102170.78041881659,car,-3191260591474.3213
0,86,1.469973232042998,-221.29569887104407,-42669.96951041291,train,-216163514465.26868
1,100,8.339980384138832,-94.60357198755105,-9038.365315751118,train,-16732422846.893867
1,77,0.17481765358676432,-298.67683842515976,-60418.957763311526,car,-531659719986.9832
1,30,0.0014696449548063152,-99.8587991422508,-20224.613474322377,car,-19858331780.668827
0,53,1.2793482115047417,-280.43495620958464,-54685.28645554386,train,-440108567927.3107
1,34,2.4803120683571973,-398.80724566358856,-77329.65548013346,car,-1265877848980.5244
0,39,4.0684561693817045,-589.8551290999783,-114117.38985766176,car,-4095836884940.608
1,28,0.4293176619876687,-321.48269174290317,-64043.94265937125,train,-663091614879.4237
0,30,4.471304395542821,-251.4267654885571,-45209.284072325776,train,-317192845532.60345
1,23,6.4742348643662595,-81.04180960316728,-8638.401097561613,car,-10613989606.094376
1,30,0.8198047594929372,-328.7768671218067,-65090.183769526244,car,-709257414923.7335
1,16,2.1454302619954184,-185.64609844475228,-35928.23525797353,car,-127688645837.27792
0,86,2.9357516185540846,-541.1530034334321,-105123.57167199343,car,-3162661106609.9746
1,42,2.404511588986488,-495.6572889568813,-96341.42109744737,train,-2430236373063.682
0,80,6.434351712861639,-327.59732475672195,-58202.94345279258,bus,-701559870039.2372
0,84,12.928087235597294,-563.6571159962534,-97863.59340569907,bus,-3573880589424.6704
1,93,6.416869532728545,-94.9380406688297,-11448.32426748335,car,-16934636765.983608
0,17,0.3248090629333998,-184.21741767034823,-36788.68464285375,bus,-124762667861.70168
1,74,6.537701503216871,-230.22605890188663,-38469.53364763367,car,-243450734237.1219
0,103,0.27567006402877847,-215.27396869601387,-43185.537674097424,car,-198930227459.00143
0,19,1.0765949111762372,205.26089037119937,41937.774323344296,bus,172600834471.78412
1,45,0.6646759636657691,-417.21604699169893,-83561.62355017509,bus,-1449379827392.0833
0,94,0.8801889336616362,-850.3603213751395,-170233.15519270458,train,-12271934520478.465
0,50,3.0057766337578253,-250.1749507758837,-47341.942448643276,car,-312451938065.4493
0,40,4.455186245160233,-312.65088524041647,-58046.526575704505,car,-609915091890.6699
0,64,2.54193859732862,-429.37976062760083,-82889.19870332647,car,-1579848058558.7686
0,91,12.84518241284085,-544.7074648396924,-93985.1228039755,bus,-3225379153670.875
0,72,1.099286205240459,-409.797380450537,-81433.08487466056,train,-1373376631334.46
0,99,5.761148007210862,-254.66539269554468,-44630.81566240049,train,-329462004372.40393
0,21,8.166492738000478,-425.7041751606346,-75915.31009092639,car,-1539681572039.9456
0,69,3.3027492711764355,303.1134198859371,64282.76785838993,car,555886690895.9271
1,42,2.4368605070109153,-540.126095408287,-105769.3699620864,bus,-3144783051854.5625
0,41,3.6271882268243845,-498.2793406769179,-95721.27278641677,car,-2469010813275.81
1,47,2.240131890901989,-872.1550100036321,-172675.79363519282,car,-13240033422532.152
1,71,3.2404671294837732,-237.12889624461576,-43909.91663344336,bus,-266027509645.21753
0,94,2.157819237557724,-804.10165694994,-158829.15625777602,train,-10376144067425.205
1,105,2.0464351233747107,-434.8636583436254,-85217.4467320142,car,-1641044350397.2908
1,29,4.754320436723191,-368.91763364013923,-68559.23937343011,car,-1002054748296.6426
1,85,0.389795197586437,-477.4319914617221,-95760.47425680773,bus,-2171800294867.2998
0,72,0.7286882209778128,134.71816936362774,27592.166837951307,car,48882160904.808876
0,20,7.620567543613555,-51.401402171125284,-1583.9876754610339,car,-2703785843.24307
1,25,5.897484365998441,29.784219075393878,12578.715147624604,bus,537652955.3658954
1,45,1.322100694878551,-520.6047046374797,-103156.0786012348,train,-2815972044488.6343
1,97,1.8945621080534638,-17.851483871357914,-1444.2588715349802,bus,42127184.46967338
1,88,10.416193790512999,-175.99976341400946,-23089.487497269034,bus,-108676038678.82509
0,106,6.816691984376621,-107.1485128307886,-13480.729548248844,car,-24365023987.886494
1,53,3.8112618496148447,-42.64029280430822,-4525.435347913287,bus,-1500810337.3150127
0,13,1.001494688994993,-527.1908114897633,-105291.45624660623,train,-2924235343239.327
1,97,0.18104387596952765,-406.07940524447537,-81464.3666034289,train,-1336261770111.3735
0,105,2.2573124218289884,-84.35099716788721,-14317.637173193212,train,-11795479449.988403
0,90,4.466622043014313,-963.9047732437332,-188391.53444135998,train,-17873449469488.41
0,50,7.052233043730725,78.33202064330129,24292.264668092554,bus,9633757282.525812
0,60,7.660837279014064,-161.716983948104,-23292.328616296338,bus,-84346989772.89175
1,74,0.13330025616864616,-311.4259901650587,-61820.05039075489,bus,-602710179036.0339
1,63,1.119686564376631,-244.87308606070667,-48176.233209247985,train,-292978047915.6157
1,81,1.656578193712785,-557.4838208272441,-110521.37897522167,bus,-3457740612414.2544
1,89,0.8366283330605092,-387.4858411472762,-77306.18357124043,bus,-1160988014058.6338
1,70,6.49770630051673,-24.92891544490658,2306.652569840019,car,-228116022.89132923
0,17,5.834871236988503,24.5054930815553,11756.97908728234,car,298476035.76678115
1,49,2.9095720518852364,374.05601314089495,77581.37678414321,bus,1044565500070.6595
0,93,16.280905745304924,-318.48116657010377,-44282.913788265054,car,-644561117278.3224
1,95,0.622213177215414,-464.63824170125093,-92892.049894955,car,-2001804685589.292
0,50,9.196432711007992,-428.5584914849972,-75364.11449800235,bus,-1570826141026.202
1,48,0.4952895874907753,-554.5104688218412,-111343.23259372123,train,-3402778067185.9263
0,61,0.7125932939005357,-319.4636889852127,-63608.12463705162,train,-650627862415.8326
1,13,4.765795564463888,-204.31689249693295,-35594.638096276925,train,-170221701337.4996
1,62,0.46420176405040314,-308.56057013298846,-61720.341670462505,train,-586250754703.5548
0,70,3.3374155422609237,-25.913288583550354,-1401.6585917032594,bus,-266214864.60312858
0,22,2.1805196224694634,-358.5539503361341,-69840.02927616898,bus,-919960107279.9774
0,63,5.214789012048392,-386.8626631246408,-71975.78399761162,car,-1155460256458.0723
1,61,9.237441526408645,-445.31711921508133,-78430.82785104695,train,-1762390906498.9082
1,25,5.876469976647872,-708.1586315586238,-135356.2709815421,bus,-7087617403174.507
1,83,7.580218514710903,-691.9419310771135,-130026.4122685025,train,-6611662887358.338
0,49,0.13400148807559129,-594.789482659422,-119195.07136292564,bus,-4199474746516.3896
0,49,1.485388209301133,25.357017916190216,6241.966378303688,bus,365109356.9476632
1,43,2.897998996851193,-76.1849317775175,-12390.279667376035,train,-8794445054.908665
0,32,2.1510974345862612,43.741016598247484,11440.215076645056,car,1687163485.7551117
0,51,1.051983611130291,-633.0529136486255,-126564.29622465649,car,-5063205860642.1045
1,57,1.4719496021971927,-792.156172446505,-157938.35702877142,car,-9920631523339.67
0,48,11.633155121810997,-465.0140800335207,-79425.24191065613,car,-2006777866225.9226
0,27,1.3935851123939011,-256.045261675993,-49953.14096366143,train,-334999250076.33746
0,42,1.747229399843617,-175.32743127254312,-33370.09409733046,car,-107532812255.55957
1,64,0.014866688106554414,-38.006961007986774,-7950.0060986330245,car,-1027947544.4631915
0,73,7.459324434653067,-228.93008229819634,-37296.65834187115,train,-239363485057.10748
1,94,0.6729206108299032,135.66719516390776,27695.920818354305,car,49981105421.12682
0,80,0.9133494408440873,-355.6514202370801,-70172.56636018552,bus,-897700904077.7179
1,42,1.1789047205976946,-528.2698045104491,-105044.32743437761,train,-2942200710030.099
0,40,8.638168308055981,-720.3045538736084,-134560.8740392539,car,-7458580482988.316
1,16,0.9249620297054548,-522.2428395238625,-103456.86028092662,car,-2842667580149.0195
1,46,6.3885823121398,-239.47050975371926,-40698.18254963281,car,-274037431815.57544
0,64,6.602067683312212,-522.1800643384076,-96495.51352454523,train,-2841579074816.357
0,40,10.470310566935755,-65.81438411618572,-988.5700578791595,train,-5662996191.773528
1,69,0.4912083514129358,53.081926509360756,11357.374164959452,train,3063801054.017258
0,34,0.979915731948371,-892.3967263066507,-178754.77033500656,train,-14183472147272.643
1,52,5.433134086867531,-83.98692487558802,-10599.89739631217,bus,-11778716154.734776
0,87,0.8726277918549358,-859.9010146654342,-172339.5635530879,train,-12689670317125.707
1,42,1.3493358937303106,-199.62523622742813,-38494.00541787391,train,-158736108920.40533
0,42,0.7296458278739576,6.217641048414919,1434.5584291347557,car,33981067.95523266
0,74,0.7583355487177272,-283.78597341410597,-56268.814897378004,train,-456032452846.08936
0,71,2.6276726339756973,-619.9222933010599,-121664.36285869313,train,-4754593434210.602
0,37,0.4647110786504931,-446.35780106944316,-89698.23662837592,bus,-1774814982313.257
1,29,1.5526483999971814,-365.4113614277252,-72290.32605555646,car,-973753819971.384
1,77,2.2246444161267513,-345.5611959474857,-67154.96704544882,car,-823440862002.9233
0,26,0.09941778048650501,-350.72421019166677,-70040.47920256722,train,-860995413159.0098
1,14,1.9662701374712113,-327.47069482732843,-63766.52452203919,bus,-700849159010.0942
0,15,0.39540448495405994,-246.62998777245778,-49049.92327146639,car,-299392891041.15234
1,79,2.721544055999286,-602.1434134333053,-117913.4026391305,bus,-4357112457587.325
1,32,6.988785788697881,-360.50495746755485,-64005.17872027978,train,-935050561878.89
0,89,6.824283434832824,79.56529258892635,23277.836755568394,car,10183685768.134235
1,43,0.33547697881010174,-396.16135578562944,-79543.84414434775,bus,-1240837359160.7275
0,52,3.677459385248564,-410.9590232887995,-78082.27548947839,car,-1385130766670.2356
0,98,7.197224663485988,-30.450674071440517,2163.0815531561548,bus,-404617726.0746238
0,90,1.0870907642019223,-939.7961665860241,-187650.81064881873,train,-16565583385136.844
0,62,5.740703510200518,-4.655349677928541,5509.192459234106,train,61581358.6887022
0,39,8.85699108500137,-457.9759395012918,-81240.87783613296,train,-1917041551239.0972
1,25,6.562149122626222,-259.01785688685334,-44328.99867070329,train,-346805046808.7438
1,77,0.4540234251928858,-275.9196610197008,-55129.85727462345,train,-419136571575.96857
0,14,0.036405163628884525,-64.38297019490156,-12989.098102168176,train,-5323015249.035449
0,49,0.8514073224986243,-366.8986865588369,-72743.0690226085,train,-985666982776.8704
0,23,1.26145940171131,-469.5064453911126,-92961.3251234398,car,-2065532706912.2085
0,45,3.8303575121486086,24.461447662774674,9676.14022070627,train,325617503.9992422
1,41,1.9398075204453746,-891.0434542852951,-176834.73479130736,train,-14119035738249.133
1,71,4.861578214979747,-294.9164545736892,-53580.582179284276,car,-511841501418.41974
0,79,1.7420993992192582,-636.9813556572801,-126263.1132231407,bus,-5157992534084.558
0,105,0.6709556475096851,-490.39334706413973,-97881.37915730232,train,-2353473393148.3447
1,78,1.4998784942146313,202.81417036578426,42687.6366804326,car,166596781406.68488
0,90,8.62785622565958,-311.14885661396426,-52605.71743932155,bus,-601058927659.7529
1,96,12.731366140074641,-251.2325757121547,-35808.956271634685,bus,-316320839999.32526
1,60,0.9303153663344219,-745.3907139263979,-148484.54661455506,bus,-8265289028876.84
1,94,6.213523285327084,-482.26116469867395,-89691.21500173301,car,-2238348733534.588
1,49,1.2772344366599588,-250.86064981780376,-49096.47780126734,car,-315030144733.61475
1,84,8.726128958099,-211.3105767216955,-32264.036586203325,car,-188193074940.53177
1,66,0.7239087848289436,-145.7783614016803,-28675.709054037194,car,-61756394206.987076
1,83,4.385977157181283,-297.8430252706059,-54560.45450041966,car,-527202748449.4407
1,22,0.3518783169691443,-168.2489478863351,-33917.85529398729,bus,-95045099073.17546
1,28,14.582256843677932,-186.554521841079,-20569.07811413786,bus,-129563627232.31152
1,31,4.8243447389751175,-757.435102751133,-146512.8738266125,train,-8672508400294.073
1,42,7.3759788765942895,-290.7485695224626,-50313.48487773412,bus,-490496778164.8493
0,66,3.3450167679219533,-108.02439806682409,-18405.241778752636,train,-25085857451.32227
0,73,2.5911763429608583,-152.53004481637012,-27233.557632160282,bus,-70735017974.0789
1,55,3.890199991509263,-390.9647024926975,-73873.87934766573,car,-1192624336870.042
1,95,3.0093941122930907,-501.40662688484196,-97335.48198017076,bus,-2515670017335.284
1,15,2.5348694099944615,-579.5779810804081,-113205.36257748668,car,-3885478024111.612
1,42,5.69931342472727,-332.7635028853531,-60581.72638905835,bus,-735358417108.8644
0,30,0.7850375381713348,-16.73003011006955,-2825.2379007331792,bus,-78567552.34470677
0,48,0.7509707294563969,-787.9510253704005,-157357.83014612808,train,-9763493017679.328
1,32,2.2614275004834927,-464.9729324323745,-90640.38999410141,bus,-2006266348495.7512
0,29,1.5470518506270057,-584.9506138566935,-115694.76187118427,car,-3994526724154.159
0,36,0.30806208786499134,-103.76061968987497,-21557.519710844503,train,-22273531902.78946
1,25,7.443679223999308,-438.5774066428252,-79702.76230889418,car,-1683624894393.8337
0,69,5.906676359119778,-417.6594145386979,-76899.02898336125,train,-1453960270972.86
1,79,3.1403613389157092,-354.2373924841622,-67749.13798780947,train,-887037332705.8622
0,33,15.515230627655376,-188.65168727630066,-18764.620943957376,car,-133977821781.70743
1,16,0.30148151512782195,-398.0972495374092,-79559.20360608719,car,-1259143739759.9104
0,94,5.821194091160161,-1061.5357636999815,-206202.37024077435,car,-23873190971338.312
0,57,1.2390039938093862,-164.17202715312007,-32121.557464865306,train,-88255604784.2324
1,51,1.839255969142829,-190.23926058198936,-36296.21498814218,bus,-137364231922.91293
0,55,0.9901516826997813,-354.8852570828033,-70273.51304057222,bus,-891966919614.1532
0,87,6.224306968082184,-571.0091551679836,-107092.58822488466,bus,-3715556059799.536
0,50,0.6230617408070667,-212.05497232966042,-41848.76443225653,train,-190265573951.93634
0,53,7.330743320159078,-205.19111661610333,-32374.69511672338,car,-172372441049.92456
0,40,4.333842408404335,-417.5082206752187,-79192.23008500828,car,-1452434040166.0374
1,17,0.24334736972828477,-354.18286764388466,-70664.17602575124,car,-886726210846.3165
0,64,6.6636464415734045,-532.5391256310803,-99625.28862452638,bus,-3014074892689.053
1,35,3.9528198529829437,-344.6472730218323,-64905.47584941386,bus,-817001786489.3357
0,50,9.414769179984761,-687.6073362708703,-126882.27838915844,train,-6488255999174.706
0,48,5.524786409735146,-195.6702947420411,-32999.262017418536,bus,-149476598547.84253
1,43,3.294125459876031,-536.0921227060735,-104265.2461884572,train,-3074844780197.455
1,20,7.244923587065681,-240.47421304192198,-40136.34053762489,car,-277526476490.58594
1,101,1.303198898579666,-651.4907290669748,-129983.65834242592,train,-5518495324292.907
1,101,3.167011683284901,-447.5144114673849,-86161.43129157522,car,-1788501621866.4802
0,28,1.3903897622783699,-327.6223512664819,-64004.21940893595,bus,-701813603978.6195
0,23,13.79370833335102,-715.1749529673159,-127325.73115826635,bus,-7300382377187.305
1,32,1.0257482248719352,-271.213031714977,-53637.5060340299,bus,-398127727030.08307
0,90,0.063453602843864,-394.7868907199807,-79927.25382152616,bus,-1227863286871.1335
1,69,1.5772392932451484,-735.5890494523076,-145767.0565446895,bus,-7943478054698.582
1,31,2.792714443773577,-625.8106885280789,-121871.85164361255,bus,-4891440308173.449
1,84,0.1150917334974664,-148.71997897945835,-30580.877352054144,train,-65530611839.134605
1,73,3.2770944029068008,-76.11100361216901,-11985.341068147467,car,-8711204652.339483
0,37,8.294880559075086,-332.97715994499174,-57397.54045559022,train,-736782369439.0138
0,45,4.879490075683656,-198.80954698987563,-34532.68233246744,bus,-156793538747.2788
1,52,3.9017042845348464,-244.03910917177234,-44537.14222887121,train,-290015058241.74817
0,29,12.490786882411621,-217.5942544680655,-28490.998020640913,car,-205599530859.21262
0,65,12.707034726503167,21.496001770073235,19565.36568433969,bus,268136444.43979537
1,103,6.955145854615755,-676.749599553568,-127624.53523679625,train,-6185587288453.887
1,93,3.7433404134206354,-130.8848169095942,-22313.257703141757,train,-44605260903.708916
1,59,2.675883659631099,-395.50223889445505,-76826.10927340385,bus,-1234627148192.159
0,97,0.053622270774785104,-356.0647335629101,-71957.20692665398,car,-900784865314.6499
0,36,3.7282773093405344,-375.5624326137675,-70730.8264892321,car,-1057174947233.3269
0,28,18.07159633509961,-393.786779165321,-57677.6267183037,train,-1218675304431.6616
1,57,6.817215864036962,-606.5490479457548,-114004.15552324695,car,-4453503261425.966
1,96,1.6657279638402913,-254.1652001855997,-49380.60206142245,car,-327533237597.5381
0,68,0.6597203951587429,117.7357581972143,24366.632309779707,bus,32647746868.595425
1,40,6.130993085590036,-314.0332551121893,-56389.30549097076,bus,-618041390144.0084
0,58,5.449339903351471,-300.34626068377395,-53611.130435081264,bus,-540668702755.9679
0,94,13.650666650037952,-471.82475928916585,-78577.03010903126,train,-2096144101495.762
0,100,8.312724926875571,-329.36863660452786,-56507.68057867506,car,-712943638829.3885
1,40,3.24468460840786,-183.4583934914923,-33099.92794714335,car,-123205103260.1716
1,90,0.4271539031188196,-392.56061017608573,-78517.65385041756,bus,-1207205467424.5251
0,61,2.642725060503945,-413.4510102630003,-80226.81510057957,car,-1410465465547.3076
1,100,1.5057328894605702,-199.1838649591883,-38559.30882168249,bus,-157549085394.2221
0,18,2.8731091079333475,-529.5011924547614,-103404.96180161611,train,-2962847393078.678
1,41,1.4364348963769757,-236.8758432307819,-45924.230291327585,car,-265232066718.2713
0,78,7.916878995583144,-94.91955068464458,-10027.030419459068,train,-16967095777.377573
0,81,7.439990861623564,39.987135419871095,16344.396132186908,train,1384606492.3673475
1,98,1.516062931777551,-322.5955018192367,-63185.32020783222,train,-669855549144.8291
0,85,3.660978580594797,41.89930995167839,12904.832151528315,car,1587544020.9709518
0,46,2.249745050422278,-41.397528379620496,-5935.154428913875,car,-1380892768.5034506
0,61,9.591662401276674,-549.0531600927666,-99185.59906822185,car,-3303271977333.6445
0,102,0.8298727247458633,-604.4846278982877,-120509.79316909521,train,-4408065775897.389
0,82,4.785717335703864,-376.24090946360513,-69477.0778573018,car,-1062825175296.0392
1,78,14.076590983292927,-42.76612685128646,7545.434569234024,train,-1460363974.9091744
1,84,0.7708236461293171,-318.0717518900012,-63104.34125956283,car,-642104322271.2483
1,14,0.9024184510935012,-450.1643894144471,-89512.55861711825,bus,-1820630768305.3171
1,14,4.733065854062675,88.0607950121402,23403.768346903846,car,13632024390.463297
1,84,6.041157244759701,-228.2738779991634,-38568.008723831845,bus,-237281715245.41498
1,38,2.697686844869882,-880.1485689476854,-173778.03294428682,bus,-13607440350397.848
1,90,3.76321970928524,-220.7098434268278,-40616.3302042948,car,-214438633554.68118
1,63,0.9564942614000738,-169.98984635728306,-33029.38849160132,car,-97968666350.21367
0,40,2.5897458965510953,-243.59783638222405,-46353.71218780053,bus,-288462701277.6607
0,56,0.47545794479022957,-187.57197494200187,-37681.19372573316,car,-131656403437.39903
0,32,1.551022946904513,-316.81890223074544,-61678.14250250877,bus,-634645057191.8094
0,58,1.34065871556348,-629.5989674111836,-125346.59711318955,train,-4980769098975.048
1,93,2.352449464485437,-392.67600080511335,-75861.72272553197,train,-1208261367570.0374
1,56,10.644267372537742,-536.4039488890728,-95089.91264886288,train,-3080192254374.493
1,80,0.7999922574172962,-533.1852276985944,-106262.25258503194,bus,-3025020805685.622
1,21,2.052568195932112,-615.7670872755689,-121337.03087573567,car,-4659700215448.379
0,96,3.824257470183995,-186.8777268400884,-33738.629491873835,car,-130098769342.04932
1,59,11.716564896727764,-275.52596364684325,-42102.51216462437,train,-417385069949.29767
0,77,0.5715489652169603,-412.041340670177,-82255.04776960413,train,-1396050414816.6165
0,33,9.998129967140258,-462.33448193259704,-80927.25999668134,bus,-1972305241919.3643
1,18,0.33811075146003106,-305.855776255363,-61265.11758409557,train,-571025132463.863
1,98,2.621412994178799,-30.2013179718777,-3482.778442752165,car,-390883329.21482104
1,37,2.4248689205650154,-801.0539288747289,-158167.1042781578,train,-10258728737513.59
0,15,0.9408783403250208,-205.7808697872768,-40508.0191296509,bus,-173906151078.49557
1,84,1.707529321515282,-436.42799350444557,-86151.35417289792,bus,-1658885758289.3657
1,88,2.421756153358639,-771.1464612448619,-151858.63765815686,car,-9151952781423.84
1,41,8.016192482194931,-786.4257707909896,-149066.19486385398,train,-9706914544831.73
0,78,12.41007703552742,-528.1958735338229,-91244.84969471266,bus,-2940894115295.924
1,93,2.9269340261785124,-245.1226110517387,-45875.45605899609,train,-293797368652.47833
1,95,8.16395496378095,-201.73426650497709,-30688.297892925144,car,-163701373642.93402
1,27,3.7477250143264884,-534.7453931694463,-103450.41240682913,car,-3051748076564.145
1,34,1.7175192466172013,-45.744752146688825,-7399.693354378345,train,-1891310946.1937087
1,82,0.8636500715329082,55.745874129026504,12589.177275714073,train,3568625184.1824126
0,46,2.131840318773176,-200.97835376085996,-37883.34828184091,bus,-161980689545.98572
0,15,2.959481905257329,-447.8506669520277,-86612.25239163141,car,-1792701635108.8723
1,40,0.18184507507040562,-18.89520387240799,-3717.5189557279296,car,-108167160.05589163
0,32,0.6305524561825854,-111.15107608416542,-21835.844126794404,bus,-27389349815.31584
0,28,3.6670075925943078,-83.14814716127051,-11916.680589422907,car,-11459763371.449556
0,84,1.0195772291154324,-464.11591874288285,-91929.66650099646,bus,-1995093362480.109
1,42,7.264037570878743,-1008.6386263186756,-194054.89454298047,bus,-20479314175112.46
0,48,1.583696571506109,229.1977553709188,47667.66556373872,car,240330676279.17358
1,61,0.4429853382809787,-702.7196008624835,-140937.21662050922,bus,-6925507155776.694
0,62,0.3489063506427054,-308.9420179650553,-61520.646065445326,bus,-588427882580.046
1,93,11.066300673847401,295.1863378049376,71774.40427969315,bus,513474689896.1386
0,69,0.5023450074376764,-217.3558109314065,-43831.389276399954,car,-204859475185.84686
1,76,0.6075252598949241,-62.6883816104411,-11709.72347262694,train,-4821100210.244999
1,101,7.941359143128185,-675.5991423454282,-125704.13435791405,bus,-6154100716163.017
0,71,1.173663948006132,-744.4167386834265,-148161.5669361661,train,-8232907406110.894
1,18,4.38587527921189,-433.17569799488865,-81951.52951001431,car,-1622183788576.3635
0,64,6.787085082032117,-27.312566391374958,2556.172596809192,train,-338860328.789242
0,74,3.7376216675151444,-386.5623619118275,-73610.67114751648,car,-1152746490394.6035
0,96,12.631926693780715,-498.6590802678747,-85180.56901079432,car,-2474535434520.4746
1,30,4.936118738866796,-250.50817751375814,-44652.85008550684,car,-313728773522.4541
0,58,0.47852075694500157,-29.516195380683712,-5465.931347463211,train,-457550139.0620683
1,75,3.269493957270015,-661.235049768343,-129582.822946025,bus,-5769920559437.293
0,35,5.066039467698229,-602.6357485308379,-115338.90865776908,bus,-4367892056126.4546
1,22,6.477089255572954,-497.1673136273415,-92057.22780458331,train,-2452536775854.8813
1,18,0.10669577118222781,-26.340406321977184,-5680.120736623525,bus,-359376160.6342417
0,89,5.075879183818209,-241.294618512817,-42957.336570739906,bus,-280252251806.5294
1,74,6.987469192790685,233.0383526426109,55480.17224028602,train,252666225539.24573
1,55,5.494836528513877,-65.88856854222104,-6929.479375229779,car,-5658688106.188564
0,29,2.872622366413503,-308.7737942174176,-59015.29326082506,car,-587516757902.0839
1,72,2.450111822304362,16.269459522191482,5367.241626290828,car,171712050.9591311
1,30,3.188865972271751,-247.1257468170305,-45855.756538877176,bus,-301190836354.7575
1,81,4.878291403435532,-476.2303381268612,-89819.14235859418,train,-2155452941383.9028
1,73,10.25134947002221,-130.00628893872442,-14194.965101982087,bus,-43765138761.43584
1,38,3.8392489112659955,-474.0816634652707,-91195.54522543949,bus,-2126492402530.5532
0,27,8.751112370999666,-372.5992752009667,-64598.29644812089,car,-1032357658044.073
0,74,4.83268438527807,31.945673989495788,11639.190011520972,bus,741243520.7143186
1,66,0.2831337977704316,-325.32037155434983,-65556.63928066299,car,-687064433219.9559
1,94,2.7792197355089705,-500.78534683540704,-97516.00119689202,train,-2506332872309.002
1,42,1.3502148353715222,-416.0844228588729,-82526.51277873307,bus,-1437622284435.526
1,83,1.3428696838074026,-44.552353602831715,-7564.742607911101,bus,-1650934211.543892
0,41,1.7597762443735827,-438.13516835418227,-85944.0342846981,car,-1678519500024.6497
1,87,1.5117856117064945,-396.71771171266164,-78379.80566772314,train,-1245977977348.0486
0,18,3.4567858445277646,-427.57318490840714,-82403.0634701717,car,-1560052200994.4565
0,97,4.603011140206821,-254.01862641492252,-45283.19065688248,car,-326963457287.4626
1,68,1.2519961690030448,-396.37244009390207,-78653.5869554598,train,-1242776003938.2505
0,63,0.5559570277084025,-700.4590122431342,-140431.73902084146,bus,-6858880951110.284
1,99,0.24243555173231607,-521.7952354612601,-104678.38000773049,train,-2835206729034.0605
0,66,3.429756323655924,-533.1972603766096,-103021.70456322159,bus,-3025259425988.4844
1,23,0.8238193410659479,10.829846113788733,2771.024064666467,car,34101338.79425834
1,56,0.037164089642756096,-96.8314894727394,-19557.345399644182,train,-18068154417.804478
0,72,10.510662293180635,-153.1851551500435,-18567.612739352317,train,-71653888847.11417
1,43,3.081326207408785,-426.33957931610246,-82482.41549284634,car,-1546562969380.4824
1,72,0.38801845126856144,-503.94788549849284,-100543.99999542243,bus,-2554180230798.978
0,27,7.404028517217204,-426.8794004143393,-76326.4884665089,train,-1552463720917.2646
1,61,16.34615759726884,-562.9700256379185,-93156.02984650896,train,-3560881723192.5063
0,69,2.3811839240225345,324.3000978967518,67677.2825969757,bus,680770509890.3126
0,78,0.17367481988500452,-861.3304120928505,-172401.14367953295,train,-12753082167988.162
0,20,0.5001941961747104,-158.99786623154773,-31511.21734692624,bus,-80213469092.59389
0,82,1.9228267916558368,-621.1380744981318,-122814.91956106374,car,-4782594865106.122
1,28,8.669512730046142,-326.08587287367317,-55208.143013254485,car,-691985591080.5146
0,65,0.6408566055867485,-547.0004856234336,-109354.66944022791,train,-3266352733387.5635
0,45,6.948860005809123,-594.4072406206577,-111576.27399060882,car,-4191389705133.569
1,100,0.06035814719996784,-585.0490752337404,-117937.89416474715,bus,-3996392663010.1284
0,91,2.4454482043288883,138.74653843551465,30719.344009185108,car,53442954321.595665
0,47,4.135762941212762,-333.247105577398,-62805.944320741786,train,-738561916271.2317
0,42,0.2491167580445955,-491.4255486195216,-98453.40534308762,train,-2368520145962.631
1,64,3.8155836092898263,-161.05325897928176,-28563.315400801235,train,-83303768364.80698
0,102,11.558584830493771,-297.41267135842514,-46792.08782086219,car,-524862136078.50256
1,66,0.6986514550470723,-119.99156016458679,-24127.69757269259,bus,-34407465791.43444
0,17,5.231580130894665,-756.0641639844575,-145163.21422445413,train,-8625513542411.647
0,77,3.7571515841206864,-224.09902388449964,-40840.49678481764,car,-224511932838.1298
0,39,0.8188399375205773,-106.82629072440457,-20741.78822877165,bus,-24304925370.9213
0,97,0.024890943329857515,-715.399572778641,-143420.30508515998,bus,-7307116274734.933
1,18,0.037311278657826664,-187.9511788941719,-37697.51884708826,train,-132503341743.64218
1,101,3.0379378322287236,124.04539320704015,27796.926320896488,train,38262293328.353905
1,30,11.443365890658436,-303.71442583867565,-47264.22637959298,bus,-559105716417.8636
0,81,4.134654965399192,-94.64851574379719,-14288.347089357083,car,-16813417057.915934
0,69,5.011249726987029,-132.35738742227252,-20968.311395846646,car,-46197018255.71418
1,45,2.723811235589651,-476.8764243776442,-92744.27696081788,bus,-2164313036412.5608
1,94,3.4880327770757695,-290.0583163533762,-53941.95531075082,car,-486894460641.1851
0,85,0.5403820051884456,-691.7486777154006,-138772.62931422057,bus,-6606119035660.351
1,86,8.376454461091795,-412.8257592756315,-72988.89731497134,car,-1404015031798.9238
1,44,5.721697763080489,-233.578006258441,-40327.389151887175,bus,-254302354306.1831
0,86,25.277548120952048,-119.22487656555046,5533.828018617577,train,-33700450015.90947
1,61,1.4137091648522095,-293.8469686880221,-57839.7025805367,train,-506314172719.5037
1,45,1.0299968853581816,-120.00406746420865,-23099.984136223837,car,-34456814103.69849
0,27,0.5348646465963522,-575.7265532388424,-114813.91485140452,car,-3808523545338.0693
1,74,13.32031981557315,-325.4243186387179,-49327.86260753321,train,-687704779874.1132
0,100,6.072637661771208,-295.1801538717307,-52080.88514557711,train,-513133897657.3522
1,45,0.7276447098985354,162.39781166990912,32901.29340578553,bus,85510598441.75487
1,69,3.2179820932907544,-353.54166405002104,-66844.80418884299,train,-881845000189.4219
0,41,2.136160072963628,-424.75415949854573,-82929.07449166143,train,-1529375978543.1533
0,56,0.6570748157538082,-294.6621940391128,-58974.822595632184,car,-510550097849.93506
0,63,0.7072971064032727,-529.7783612174859,-105846.0156590994,car,-2967442259901.46
0,59,13.238485177302692,-251.81153773369596,-34684.69274644902,car,-318608689095.44946
1,85,1.4551675977304543,-391.26380413656443,-77089.38711458574,bus,-1195294251594.3818
1,50,11.350765255364612,-747.831887010296,-136504.16204350058,bus,-8346781141722.332
0,15,0.31448778634625285,-314.6466377834652,-62739.913460511976,car,-621692926612.7817
0,30,2.4706974465404117,-379.3857734825498,-73364.51109858375,train,-1089799064772.5076
1,28,0.5552971516192595,-708.1058255169958,-142028.81176228577,car,-7086029362370.511
1,80,0.019195525903362997,-316.78353865363044,-63824.5667965976,car,-634343615301.8502
0,98,3.2276478641856863,72.33899051862005,18094.35942850166,car,7713752388.827145
0,106,0.483675259960521,-169.67406293107157,-33205.647421741975,car,-97303110597.61172
0,35,5.120889639814311,-147.01820181721055,-24179.09678921386,bus,-63399201344.402534
1,95,4.790854743586054,-635.3741813957606,-122123.85883108481,car,-5119001570618.067
0,20,0.7759553784859603,-180.7754077694444,-35843.62866375391,car,-117897043143.25615
1,68,11.371505264279245,-262.88760465498046,-39322.72698367535,bus,-362516623441.68463
0,62,5.106796380180108,-167.7386904163921,-28607.162029284325,bus,-94127310447.74362
0,39,1.4151180684104818,-194.34284457279358,-37270.689579026934,bus,-146467172799.05035
1,17,4.940942588738958,-639.9451813759534,-122814.90087352155,bus,-5230427219707.691
0,102,5.266032697607053,-310.35020288949187,-56853.642283995796,train,-596403275998.4125
0,39,1.6755775011761889,-489.4677151062915,-96649.21123559323,train,-2340327979783.0396
0,73,1.8837830914480804,-312.52102357120555,-60584.16528773725,bus,-609093684918.8425
1,96,1.7795679778113027,-524.3502317254577,-103908.36439618212,bus,-2877071259804.8345
1,91,3.8348982191026546,28.11759178524909,9934.767479009835,car,580655638.596987
0,31,9.22677996989739,-514.7430971110856,-92877.3243414203,car,-2721938432976.8174
0,104,0.7607370821835987,-524.735539116384,-104885.93840146334,car,-2883392245726.503
0,49,8.32415878696058,-281.3533983641116,-46781.62664660379,car,-444454104823.6035
1,33,0.11217081320428969,-569.2747673509987,-114373.04434368204,car,-3681907878533.0596
0,16,4.319224112418524,-406.16582560821644,-76792.27525488005,bus,-1337266618021.4167
0,31,2.1407388014056306,-507.4911493844905,-99510.97591319261,bus,-2608507027882.0596
1,90,6.26707630037751,52.79301597240294,18059.38371474444,train,3070566132.7568145
0,64,5.109015326312618,-103.54904329220685,-15049.61874201509,train,-22091098377.53556
1,62,2.616535241335077,-314.36737961634867,-59819.337638224024,bus,-619979202260.4316
0,44,4.129770806896708,-397.8042630435041,-74739.69680043988,train,-1256337916136.9536
0,31,2.7867989794013495,-64.77059635622166,-10100.07512095603,car,-5407142619.798608
1,25,6.675021057116579,-198.69897991927797,-32378.742985946243,car,-156555190327.23938
1,104,2.58569554428962,-175.48689882928582,-32946.78076181321,bus,-107676817408.27567
0,84,2.9622634584867047,-306.54805933606264,-58320.196362732895,train,-574800003414.769
0,58,1.1535057147367562,-722.057506942858,-143957.19229598128,train,-7513138345461.068
1,93,3.715913693316254,-328.11649563988817,-61462.66873048134,bus,-704863921457.8724
1,78,1.4433332184791217,-433.1224798022669,-85976.97507126181,bus,-1621490681125.9387
1,101,3.444219018500022,-138.7361816350308,-24108.958881615235,train,-53125247185.78349
0,29,0.7437673632399469,-47.03939175145274,-8558.015402159885,car,-2063360459.2029
0,58,0.6948862154651111,-464.4877611902922,-92927.5149072327,bus,-1999953880464.3591
0,104,2.15847643193741,-182.90369143073707,-34667.24728298223,bus,-121938206461.6957
0,50,2.226218518035392,133.96974942142828,28797.42371435238,train,48029010632.62994
0,63,1.248496180675013,-466.92818014263975,-91709.78272488342,train,-2031633940815.3098
1,37,0.5643968561846946,120.48043501828442,24313.686361555036,car,34925332649.51359
0,61,0.15999990993331686,-513.1464617926617,-103512.62557046064,car,-2696642297615.165
0,89,0.10222243133472123,-294.26006109801216,-59496.89154850166,train,-508383291889.43634
0,17,1.2673467519866708,-302.7864029604603,-59800.77818429113,bus,-554006165923.3219
0,64,2.4784973743177994,-297.1252750324844,-57054.02488384723,car,-523445910472.67065
0,59,5.18206181991456,-509.4195104769863,-96076.38566866044,bus,-2638314006181.4746
1,53,2.576450666615912,-447.7957759411074,-87185.05784011165,train,-1791999793593.1367
1,27,9.375746387188475,-466.93007158984983,-83060.57186103628,car,-2031712232393.052
1,23,0.14341992140119014,-218.25935114888566,-44395.68429670025,bus,-207495892122.96075
1,40,0.7970275977924367,-217.4912213724221,-42998.564683483906,car,-205295032723.93454
1,91,1.6530688184668176,256.4860829345647,53162.368267071266,train,336881617578.0755
0,26,3.4462272395781537,42.74725157278033,12880.13284598634,bus,1570140854.986992
0,17,7.66211782701084,-427.4608105346198,-76879.37716808621,bus,-1558823070167.3682
1,99,1.7243746387442163,-218.7825960509535,-42182.55432873679,car,-208838463400.0973
1,28,1.2478372163232443,-50.720504802060134,-9320.598265373344,bus,-2591138523.427489
1,42,0.25554872028792286,-292.34954391537053,-58774.4565504207,bus,-498644560995.4161
1,91,6.888265272414068,-317.4103946117339,-55886.16536353334,bus,-638086326528.0645
1,55,1.9099918031295824,-287.10626430752774,-55756.78861182116,train,-472270943352.2817
1,38,3.3903267598767557,-83.18084279789304,-13235.947017528033,car,-11462390023.592897
1,88,16.431036912545302,-512.0801307013081,-83200.96247624067,train,-2679799195051.323
1,104,0.00638337314040059,-381.41736720504355,-76898.4650050575,bus,-1107236648299.3894
0,35,0.6287217161374787,-182.39171378837955,-36225.23795354665,train,-121074263543.08643
0,56,6.040379756034065,-222.13823211146112,-38179.6085101413,car,-218713788393.8135
0,97,6.541638818063938,-240.10431003590216,-40496.60421662558,bus,-276098673947.4138
1,68,5.865631681781145,-392.4502915759508,-71885.71490269659,train,-1206245383357.8997
1,15,3.08010331897158,-56.866052714365765,-8289.439853215239,bus,-3666296065.095543
1,38,15.425781999950855,233.46706180113438,65364.7023501824,bus,253996042172.94443
1,13,2.017946762589356,-198.39612658094845,-38132.74925158982,bus,-155847921406.5508
0,69,3.68464728670061,-348.29417538746,-65799.18684574799,car,-843154778648.3328
0,83,0.2618635567834937,-111.06492777636436,-22372.239603228383,car,-27228644211.57096
1,95,2.1095646437556073,-434.7831591882475,-85450.87183862143,train,-1640166169991.3252
0,99,5.127738644587072,-487.4225861757242,-91924.68373630565,bus,-2310977508729.4116
1,75,1.0911152039174572,-291.79781309657204,-57035.76279514068,car,-495762672149.40625
1,59,11.517318205570149,-945.6991582424862,-176271.29789479368,train,-16879779383805.967
1,102,4.643440846753152,-588.4875909130024,-112992.78989326287,train,-4067268004914.6987
1,90,1.356324691753816,-386.9904639802115,-76213.54571015341,car,-1156537479288.2712
1,25,5.8613316194408265,-638.3472145369283,-121361.09005773724,bus,-5191337667471.416
0,75,0.3473100343768586,-558.1607754730323,-111908.76702790268,train,-3470368037047.6416
0,50,14.719587277858553,-409.18708436450186,-64904.13459909127,train,-1367293824176.2637
0,96,0.20216487359068291,-710.7413233826524,-142271.81878068805,train,-7165305289817.965
0,44,10.83956104081544,-401.517949064958,-67746.42092037428,train,-1291853797167.8735
1,41,1.165978003445682,-433.8175411332111,-86143.90374919637,car,-1629382897372.8362
0,72,5.672363956452832,-293.648697903746,-52473.394223957504,train,-505265638936.679
0,96,0.00029480859617100826,-11.453992376495194,-2840.4189847112975,bus,122481004.25553907
0,53,1.1734062637595368,-256.87389587678354,-50647.187221518034,bus,-338227947034.48315
0,102,5.5308129740285725,-294.7344946644841,-53027.01868862756,train,-510805805976.82367
1,42,3.040021364919594,-275.1363857423221,-52236.2884375697,bus,-415645259872.4995
1,41,0.48845426891676186,-243.15180621971788,-48283.75922429239,train,-286879581236.1412
1,65,2.001057996075418,-554.1846621524422,-109225.51160915181,bus,-3396751760691.915
1,55,1.8835319356000144,-328.6938311926995,-63847.42000359814,bus,-708684983447.7086
1,23,3.358821306055968,-222.8121895408467,-41207.75474270527,bus,-220754142821.75778
0,97,4.410205014381343,-642.6899956357652,-124025.74198396872,car,-5297867578567.461
1,30,7.3511359540741585,-83.58676929603669,-8487.172647811114,car,-11640364128.909674
0,13,2.75050099393048,-29.65599138545258,-2738.6275510841033,bus,-517734728.3511788
0,52,1.990464467623369,-457.8439971123472,-89889.38348815872,train,-1915365541921.6033
1,51,0.6218299591046471,-360.3344478632761,-72111.77322091482,bus,-933698306890.2578
1,78,6.535393041748782,-519.5475857025183,-97253.12846661534,bus,-2798785497150.4507
1,61,4.9982580319159355,-125.15487910304572,-19346.16986965538,bus,-39063280042.02143
1,99,2.1015742068481487,-565.3055718614773,-111466.78371073071,car,-3605284209132.285
1,58,2.922833903957867,-355.61925256073005,-68181.60977505134,train,-897507539804.7886
0,62,4.3766828015080215,-514.7299769519179,-98518.68374313253,bus,-2721682603641.7964
0,35,0.7203630188051077,-287.2614307471776,-56803.1949613071,car,-473066934121.1291
1,105,0.11029800204483835,-748.5573178724303,-150245.01029573564,train,-8370954062216.121
0,78,1.5279926879658492,31.61541059142337,8006.713417278595,car,731330699.9664028
0,98,3.6212549963602783,-541.151606051566,-104766.74275615074,car,-3162600076118.6963
1,79,2.66684750082935,-285.02632922093096,-54170.71874942648,bus,-462026766592.3474
1,45,4.717831423409087,-353.1307611925773,-64989.4088494019,train,-878818792350.5831
1,63,6.852306435640063,-490.5286279806245,-90796.71340004206,bus,-2355538514586.4883
0,83,2.681180881620399,-521.9450341589838,-101794.61385736406,bus,-2837697568212.9785
0,48,0.5767150377690282,-65.90036411188512,-13358.883833679964,bus,-5673678328.73554
1,36,7.605261755336752,-431.4101482754849,-77333.62462284305,car,-1602413150040.5828
1,95,3.4225734038467417,-232.20745384067226,-42932.13775551982,bus,-249734263513.94357
0,102,5.387332873378828,-500.37422134859366,-94027.99305335354,bus,-2500138821717.8228
0,92,4.878575203374599,-461.79535796194017,-87675.81766021968,train,-1965291548174.4175
0,40,13.794636901496288,-181.93821247803783,-19713.149644720103,bus,-120167028283.8052
1,98,1.3999739576666357,-67.39787597222093,-12269.198301293865,train,-5951205485.854671
1,14,4.887281485791265,-343.829100581755,-63283.2060201707,car,-811213933184.3657
0,22,1.8207837569575651,-655.4799679101093,-129634.25138232057,bus,-5620654538516.015
1,94,2.01282371617792,199.48901993750115,42061.98890648041,car,158586693647.99725
0,24,1.0485492715126177,-514.1373270585524,-101715.60554862842,train,-2712346195357.7056
1,77,1.6864400072849686,-685.3968499179468,-136359.79409484533,car,-6425825435152.285
0,80,11.848938675387954,348.606146942038,83965.65972204102,car,845607345705.2485
1,74,1.3844711660288103,-401.0080734627343,-78848.77221373591,bus,-1286879897019.3904
1,67,1.1294018084330961,-665.433172065352,-132517.76427420077,car,-5880538476540.018
1,49,3.499999982270684,-470.8599416971705,-90649.6927372353,bus,-2083416947884.5422
1,97,1.1938179848385444,-208.11377599443273,-40691.588144782916,train,-179736284264.27002
0,32,2.5651477022164215,-252.42211060151507,-48276.43515365574,train,-320972998365.63196
0,82,7.187319364814204,-512.9322993133975,-94620.17381609856,car,-2693217602689.184
0,97,1.0475391521360735,155.68090003198984,32350.505675899036,train,75459178211.74066
1,75,2.2253246382404344,-430.39491949834326,-83999.82904226427,train,-1591055201398.3123
1,81,3.7714602390785834,-596.171647602888,-115521.9749741879,bus,-4228750355487.99
1,54,3.1553642721292428,-59.82665038483506,-8684.544124787804,train,-4225355625.1516223
1,93,14.711479120863034,32.26571163492059,23731.240080592015,bus,813493422.9864688
0,29,4.562367992266716,-504.3732744040566,-95672.63515326066,car,-2560725813417.6143
0,70,5.387467631946549,-650.3368232598276,-125018.55249783584,bus,-5489311330318.262
0,18,13.639654790468052,-42.390433146098815,7560.986451778335,train,-1514879499.0762563
0,35,2.140733008940794,-811.8309032644904,-160778.93160362088,car,-10678374650308.756
0,16,1.7563759847704288,-606.6554148491539,-119506.1911011626,train,-4455896172559.802
0,21,0.17941389746245479,-58.138462487441245,-11747.131404660198,car,-3914634459.4750357
1,75,0.8143653240122397,-313.8381370055974,-61859.111494605,bus,-616823446936.2681
1,105,1.0829832535464896,-365.98433714817196,-73125.98781099054,bus,-978173209403.2161
0,54,0.8109353503455417,-211.79584837640542,-41702.543229251,bus,-189561899590.49216
1,87,5.622461554583367,-338.1936058863522,-61352.63103058907,bus,-771853650603.309
0,105,3.070474252104825,-624.6716805407725,-121565.45842150685,train,-4864614275474.183
0,24,4.406071641105708,19.0188365015469,8282.077187198118,car,146832890.67097786
1,47,6.869477160585572,31.253513221703827,14156.373674435968,train,645812082.6757714
0,104,1.0494815526316155,-248.6668590555101,-48938.809430133435,bus,-306697088296.77264
1,62,1.5776493020290598,-288.7164961419974,-56517.883956418016,train,-480249069061.1134
0,84,4.928944118728354,284.90620150501445,63162.83129721324,train,461662690537.1298
0,52,1.9953177721581246,-369.1082112539593,-72102.38741473576,bus,-1003577696194.282
0,71,0.11883152662961519,-364.8942454585099,-72769.5409819169,train,-969556065337.0437
0,18,2.2834011704678634,-208.8796876898736,-39165.2055636702,car,-181880051948.75925
1,86,9.555757787064545,67.83048903558455,25065.18232677214,bus,6350871371.853254
0,101,2.103902643491164,98.19268860437091,22094.75930023145,bus,19063756580.340645
0,25,1.615359217177559,-364.64315791919284,-71887.90842800455,car,-967628838840.5616
1,72,18.23508692633987,-222.91718851016367,-23302.896000719476,car,-220989374232.5684
1,91,4.135970180983029,-644.5208667660193,-124525.18229930718,car,-5343293778456.275
0,28,1.8228128469130986,-377.9940269790532,-73776.40686507724,train,-1077851241360.5151
0,17,0.43042784305922666,-510.0725988698266,-101759.4264956231,bus,-2648527199853.141
1,35,6.201836364044565,-551.7079380747459,-103742.41472476874,car,-3351462098882.651
0,65,4.925032524720847,120.3941790668319,29494.05864849367,car,34897672499.13526
1,79,10.199870150867927,-498.0716654515362,-87767.00193732957,car,-2465849485233.362
0,84,0.979898651519616,-432.9014770028637,-86270.81046061782,train,-1618993592514.5957
1,85,0.4883286295525964,-208.53780302078545,-41306.982532281756,bus,-180874232787.6443
0,18,5.15046889856522,24.45631674339637,11151.126152030232,train,297292925.9570073
1,52,0.9095895542516911,-179.72121840279115,-35147.84833833429,bus,-115808269245.81508
1,92,0.7748430949930664,389.83877850539557,78747.82096114784,car,1182539845872.619
1,92,1.5415167625701607,-318.6669945627874,-62405.17039112371,car,-645693359190.7963
0,54,6.789256285216086,-235.3208899425635,-39208.35489182254,car,-260022016283.48795
1,102,3.1020876654778426,-231.0998315039859,-42967.37426477524,train,-246152667139.4095
0,35,0.18773903742151948,58.76234669728865,12391.936465374249,bus,4069812677.3356953
1,102,2.4936985388565955,-173.19026222259617,-32386.571463639437,bus,-103504212578.63159
1,102,4.607794185937791,-329.05742509678726,-61135.931316625385,car,-710917472976.2701
0,32,3.0919527677003353,-536.8721487267198,-104655.3324882969,train,-3088300009649.5977
0,75,3.398738194513432,-238.88913600959185,-44361.422528869254,car,-271988081024.8859
0,42,1.0184198907749882,50.336207822989934,10334.934329460386,bus,2574549959.3610926
1,22,7.528645212894811,-402.5954484144676,-72273.86552256276,bus,-1302306332506.7678
1,24,3.296658076535111,-167.76409539585444,-30228.955220222506,bus,-94224181715.71558
0,39,4.996522476454095,-238.46305282878896,-42150.579378745526,train,-270602718371.2842
0,95,16.039473326936683,-84.12008540467136,2183.219919391601,bus,-11730464267.025864
0,85,2.235854606212063,-501.1884351594673,-98602.90451383582,train,-2512416875852.921
0,14,8.516766851965489,286.6617576316404,67722.020447883,train,470133842723.4511
0,59,0.029230599572168937,-619.7902767570646,-124107.0824462366,bus,-4751582268581.6
0,68,0.13591225681815444,-391.38777249650934,-78764.58751416502,train,-1196473913505.4106
1,23,3.5691243535121338,-65.47686477358863,-8679.447626830703,bus,-5593632497.252184
0,87,1.492665855755163,-225.81670687647164,-43779.57996941717,car,-229689289682.12704
0,37,1.141547191881483,-92.5034602297242,-16887.781574462726,car,-15774662353.012915
0,56,1.3025624445822614,-424.0255834956406,-83502.34766849487,bus,-1521495291691.7104
0,104,1.5332664357983181,-318.70124567008526,-62921.60014400298,car,-645862713167.6875
1,26,5.221773894257396,-296.94200409029565,-53635.646760121264,bus,-522534356477.5769
0,91,3.3684079369330706,92.31490363397609,22586.602818504572,train,15837906936.980854
0,68,6.224270584414652,-127.39274390423776,-18400.403593422554,bus,-41184840770.80184
0,18,7.0924554519742475,-100.83197290883214,-12048.82696335125,train,-20454564214.38771
1,36,7.404378603102791,-464.4815231341988,-84252.20577811703,bus,-1999907514290.885
1,55,2.142141298704532,-57.779340359237295,-9558.045898940385,bus,-3799655376.803843
0,62,2.1877003999981586,-243.60458410779913,-46572.060868579916,bus,-288449549231.1444
1,88,10.429158523551429,47.28632891948183,21794.791554053205,bus,2238281523.751205
0,69,4.336040814939837,203.515038729617,45633.48921601942,car,168306948017.972
0,56,0.3355581863620731,-376.6914440067511,-75516.88364079782,train,-1066707593040.045
0,37,3.1251774996454134,-401.57578261126565,-76916.08501813136,train,-1292421497210.3672
1,94,1.7602713026653276,-516.0112477755924,-101627.69755437881,car,-2741975639545.7363
0,34,17.507357158207313,-335.89487792908017,-46968.35282018077,train,-756324901899.0977
0,31,0.05499799635628195,-395.5063622375959,-79967.17293213482,car,-1234707454102.462
0,76,3.788864863025732,-210.12390010724747,-38182.201788481165,bus,-185059504523.33893
1,102,5.143958979378072,-336.141704233434,-61601.81477928291,bus,-757840490353.197
1,42,1.3638069380322826,-390.3998201954049,-77077.78128782634,train,-1187482983502.6162
1,50,14.543860671967543,-33.85371596803708,10087.877672509625,car,-732969781.4204164
0,62,7.851234058960046,-534.470057787863,-98344.1866199157,train,-3046985000182.9575
0,53,9.891256605919478,-191.7230117121641,-27393.82447928401,train,-140601010755.8706
1,24,0.07767760510092746,-401.48543179712084,-80666.14343076333,bus,-1291562443820.685
0,69,3.3746911678496447,-118.90787378250889,-20138.95344014484,bus,-33474984422.05379
1,76,1.3962459539573029,46.315386680557594,10267.489414817457,bus,2078388033.895258
1,27,7.562660381943131,-375.7745633560182,-66645.16661539074,train,-1058976769964.0437
0,45,4.0079354425210765,-189.74177318171218,-33164.98825736389,bus,-136298591729.50008
0,78,3.0963618786572056,-255.30178356670504,-48065.10040532596,car,-332000807014.06244
0,78,0.48680958885719333,-499.85559988577415,-99638.74056744078,train,-2492443876180.5195
0,49,3.108053060276739,-239.80312256451538,-44810.83410003815,train,-275176318847.55664
0,38,3.997647611490299,-227.71987368029696,-41155.928977483396,car,-235650310416.78394
0,89,12.48629863268679,-196.78229488845633,-24791.531191166894,train,-151947268599.8577
0,85,3.5183987319613457,-349.59972420501146,-65817.58623784347,train,-852631951221.3655
0,63,13.69384579694197,-276.4519249224634,-39313.27784987979,bus,-421599860843.81226
1,25,13.039428370647716,-586.9027362107838,-102810.86938998863,bus,-4034656163924.4834
0,37,4.201578705885095,-389.52851886996416,-73855.91712879045,car,-1179556315165.1526
